sku,name,description,price,spec_json
"AC000001","Sistema Split AC 9000 BTU","Sistema split eficiente para refrigerar habitaciones individuales.",650.50,"{""BTU"": 9000, ""SEER"": 18.5, ""NivelRuido_dB"": 25, ""Refrigerante"": ""R410a"", ""Cobertura_sqft"": 400}"
"AC000002","Sistema Split AC 12000 BTU","Ideal para habitaciones de tamaño medio, alta eficiencia.",780.00,"{""BTU"": 12000, ""SEER"": 20.0, ""NivelRuido_dB"": 26, ""Refrigerante"": ""R410a"", ""Cobertura_sqft"": 550}"
"AC000003","Sistema Split AC 18000 BTU","Potente refrigeración para espacios más grandes.",1150.75,"{""BTU"": 18000, ""SEER"": 17.0, ""NivelRuido_dB"": 28, ""Refrigerante"": ""R410a"", ""Cobertura_sqft"": 800}"
"AC000004","Sistema Split AC 24000 BTU","Diseñado para grandes salones o múltiples habitaciones.",1420.00,"{""BTU"": 24000, ""SEER"": 16.5, ""NivelRuido_dB"": 30, ""Refrigerante"": ""R410a"", ""Cobertura_sqft"": 1100}"
"AC000005","Unidad AC de Ventana 5000 BTU","Unidad de ventana compacta y fácil de instalar.",220.00,"{""BTU"": 5000, ""EER"": 11.0, ""NivelRuido_dB"": 50, ""Cobertura_sqft"": 150}"
"AC000006","Unidad AC de Ventana 8000 BTU","Unidad de ventana más potente para dormitorios.",310.50,"{""BTU"": 8000, ""EER"": 10.8, ""NivelRuido_dB"": 52, ""Cobertura_sqft"": 300}"
"AC000007","Unidad AC Portátil 10000 BTU","Solución de refrigeración móvil con control remoto.",380.00,"{""BTU"": 10000, ""EER"": 9.5, ""NivelRuido_dB"": 54, ""Cobertura_sqft"": 350, ""TipoDrenaje"": ""Autoevaporable""}"
"AC000008","AC Multi-Zona Sin Ductos 18000 BTU (2-Zonas)","Conecta hasta 2 unidades interiores a una exterior.",1850.00,"{""BTU_Exterior"": 18000, ""SEER"": 19.0, ""Zonas"": 2, ""Refrigerante"": ""R410a""}"
"AC000009","AC Multi-Zona Sin Ductos 27000 BTU (3-Zonas)","Refrigeración flexible para 3 áreas.",2500.00,"{""BTU_Exterior"": 27000, ""SEER"": 18.0, ""Zonas"": 3, ""Refrigerante"": ""R410a""}"
"AC000010","AC Central por Ductos 3 Ton","Sistema para refrigeración de toda la casa.",2900.00,"{""Capacidad_Ton"": 3, ""BTU"": 36000, ""SEER"": 16.0, ""TipoSistema"": ""Split por Ductos"", ""Refrigerante"": ""R410a""}"
"AC000011","AC Central por Ductos 4 Ton","Refrigeración central de alta capacidad.",3500.00,"{""Capacidad_Ton"": 4, ""BTU"": 48000, ""SEER"": 15.5, ""TipoSistema"": ""Split por Ductos"", ""Refrigerante"": ""R410a""}"
"AC000012","AC Comercial de Tejado 5 Ton","Unidad robusta para edificios comerciales.",5500.00,"{""Capacidad_Ton"": 5, ""BTU"": 60000, ""EER"": 12.0, ""Montaje"": ""Tejado"", ""Voltaje"": ""208/230V Trifásico""}"
"AC000013","AC Split Inverter 9000 BTU","Tecnología inverter de ahorro energético.",750.00,"{""BTU"": 9000, ""SEER"": 22.0, ""Tecnología"": ""Inverter"", ""NivelRuido_dB"": 23, ""Refrigerante"": ""R32""}"
"AC000014","AC Split Inverter 12000 BTU","Compresor de velocidad variable para confort óptimo.",920.00,"{""BTU"": 12000, ""SEER"": 23.5, ""Tecnología"": ""Inverter"", ""NivelRuido_dB"": 24, ""Refrigerante"": ""R32""}"
"AC000015","AC Split Inverter 18000 BTU","AC inverter de alto rendimiento.",1300.00,"{""BTU"": 18000, ""SEER"": 21.0, ""Tecnología"": ""Inverter"", ""NivelRuido_dB"": 27, ""Refrigerante"": ""R32""}"
"AC000016","AC Split Inverter 24000 BTU","Potente sistema inverter para áreas más grandes.",1650.00,"{""BTU"": 24000, ""SEER"": 20.5, ""Tecnología"": ""Inverter"", ""NivelRuido_dB"": 29, ""Refrigerante"": ""R32""}"
"AC000017","Unidad Interior Mini-Split 9000 BTU","Unidad de cabeza interior para sistemas multi-split.",300.00,"{""BTU"": 9000, ""TipoUnidad"": ""Interior"", ""Compatibilidad"": ""Sistemas Multi-Split""}"
"AC000018","Unidad Interior Mini-Split 12000 BTU","Unidad de cabeza interior para sistemas multi-split.",350.00,"{""BTU"": 12000, ""TipoUnidad"": ""Interior"", ""Compatibilidad"": ""Sistemas Multi-Split""}"
"AC000019","Unidad Interior Mini-Split 18000 BTU","Unidad de cabeza interior para sistemas multi-split.",450.00,"{""BTU"": 18000, ""TipoUnidad"": ""Interior"", ""Compatibilidad"": ""Sistemas Multi-Split""}"
"AC000020","AC Terminal Empaquetado (PTAC) 15000 BTU","Unidad de pared para hoteles/moteles.",700.00,"{""BTU"": 15000, ""EER"": 10.5, ""Voltaje"": ""230V"", ""Aplicación"": ""Hostelería""}"
"AC000021","Enfriadora de Agua 50 Ton","Sistema de enfriamiento de agua a gran escala.",25000.00,"{""Capacidad_Ton"": 50, ""TipoSistema"": ""Enfriadora de Agua"", ""Refrigerante"": ""R134a"", ""Aplicación"": ""Comercial/Industrial""}"
"AC000022","Unidad Fan Coil 400 CFM","Unidad interior para sistemas de agua enfriada.",280.00,"{""FlujoAire_CFM"": 400, ""TipoSistema"": ""Agua Enfriada"", ""Montaje"": ""Techo/Pared""}"
"AC000023","Prefiltro 20x20x1","Filtro de aire plisado estándar.",15.00,"{""Tamaño"": ""20x20x1 pulgadas"", ""ClasificacionMERV"": 8, ""Tipo"": ""Filtro Plisado""}"
"AC000024","Filtro HEPA 12x12x6","Filtro de aire de partículas de alta eficiencia.",80.00,"{""Tamaño"": ""12x12x6 pulgadas"", ""ClasificacionMERV"": 17, ""Tipo"": ""Filtro HEPA""}"
"AC000025","Base para Condensador 30x30","Base duradera para unidades exteriores de AC.",50.00,"{""Tamaño"": ""30x30 pulgadas"", ""Material"": ""Compuesto"", ""Aplicación"": ""Base Unidad Exterior""}"
"AC000026","Caldera de Gas Alta Eficiencia 24kW","Caldera de gas de condensación compacta para calefacción central.",1800.00,"{""PotenciaSalida_kW"": 24, ""Eficiencia"": 94.0, ""TipoCombustible"": ""Gas Natural"", ""Tipo"": ""Mixta Condensación""}"
"AC000027","Caldera de Gas Alta Eficiencia 30kW","Potente caldera de gas para calefacción y agua caliente.",2100.00,"{""PotenciaSalida_kW"": 30, ""Eficiencia"": 93.5, ""TipoCombustible"": ""Gas Natural"", ""Tipo"": ""Mixta Condensación""}"
"AC000028","Caldera de Gasóleo 20kW","Caldera estándar de gasóleo.",1500.00,"{""PotenciaSalida_kW"": 20, ""Eficiencia"": 88.0, ""TipoCombustible"": ""Gasóleo Calefacción"", ""Tipo"": ""Convencional""}"
"AC000029","Caldera Eléctrica 12kW","Caldera eléctrica para sistemas de calefacción.",850.00,"{""PotenciaSalida_kW"": 12, ""Eficiencia"": 99.0, ""TipoCombustible"": ""Eléctrico"", ""Voltaje"": ""400V Trifásico""}"
"AC000030","Bomba de Calor Aerotérmica 7kW (Monobloc)","Bomba de calor monobloc para calefacción y refrigeración.",3500.00,"{""PotenciaSalida_kW"": 7, ""SCOP"": 4.5, ""SEER"": 4.2, ""Tipo"": ""Aerotermia Monobloc""}"
"AC000031","Bomba de Calor Aerotérmica 10kW (Split)","Sistema split de bomba de calor para diversas aplicaciones.",4200.00,"{""PotenciaSalida_kW"": 10, ""SCOP"": 4.8, ""SEER"": 4.4, ""Tipo"": ""Aerotermia Split""}"
"AC000032","Bomba de Calor Geotérmica 15kW (Vertical)","Sistema de bomba de calor de fuente terrestre.",8000.00,"{""PotenciaSalida_kW"": 15, ""COP"": 5.0, ""TipoSistema"": ""Geotermia Lazo Vertical""}"
"AC000033","Radiador de Panel de Acero 600x1000mm","Radiador de panel hidrónico estándar.",80.00,"{""Tamaño_mm"": ""600x1000"", ""Material"": ""Acero"", ""PotenciaCalor_W"": 1200, ""Tipo"": ""Doble Panel""}"
"AC000034","Radiador Toallero Cromado 500x1200mm","Radiador toallero elegante para baños.",150.00,"{""Tamaño_mm"": ""500x1200"", ""Material"": ""Acero Cromado"", ""PotenciaCalor_W"": 500, ""Tipo"": ""Toallero""}"
"AC000035","Tubería para Suelo Radiante 16mm (100m)","Tubería PEX para sistemas de suelo radiante.",120.00,"{""Diámetro_mm"": 16, ""Material"": ""PEX-AL-PEX"", ""Longitud_m"": 100, ""Aplicación"": ""Suelo Radiante""}"
"AC000036","Colector Suelo Radiante (8-Zonas)","Colector para distribuir el flujo en sistemas de suelo radiante.",250.00,"{""Zonas"": 8, ""Material"": ""Latón"", ""Aplicación"": ""Suelo Radiante""}"
"AC000037","Caldera de Pellets 25kW","Caldera automática de pellets de madera.",3500.00,"{""PotenciaSalida_kW"": 25, ""Eficiencia"": 91.0, ""TipoCombustible"": ""Pellets Madera"", ""CapacidadTolva_L"": 200}"
"AC000038","Bomba de Calor Aire-Agua 12kW","Bomba de calor para sistemas hidrónicos de calefacción.",4000.00,"{""PotenciaSalida_kW"": 12, ""SCOP"": 4.7, ""Aplicación"": ""Calefacción Hidrónica/ACS""}"
"AC000039","Caldera Mixta de Condensación 35kW","Alta potencia para calefacción y agua caliente instantánea.",2500.00,"{""PotenciaSalida_kW"": 35, ""Eficiencia"": 95.0, ""TipoCombustible"": ""Gas Natural"", ""Caudal_ACS_LPM"": 16}"
"AC000040","Radiador de Aluminio 500x800mm","Radiador ligero y de respuesta rápida.",100.00,"{""Tamaño_mm"": ""500x800"", ""Material"": ""Aluminio"", ""PotenciaCalor_W"": 1000}"
"AC000041","Caldera de Leña 20kW","Caldera tradicional de leña.",1200.00,"{""PotenciaSalida_kW"": 20, ""TipoCombustible"": ""Leña"", ""Eficiencia"": 85.0}"
"AC000042","Bomba de Calor Aerotérmica Comercial 50kW","Bomba de calor a gran escala para uso comercial.",15000.00,"{""PotenciaSalida_kW"": 50, ""SCOP"": 4.2, ""Aplicación"": ""Calefacción/Refrigeración Comercial""}"
"AC000043","Radiador de Hierro Fundido 700x500mm","Radiador clásico de hierro fundido.",300.00,"{""Tamaño_mm"": ""700x500"", ""Material"": ""Hierro Fundido"", ""PotenciaCalor_W"": 800}"
"AC000044","Acumulador de ACS 200L","Cilindro aislado para agua caliente sanitaria.",400.00,"{""Capacidad_L"": 200, ""Tipo"": ""Interacumulador Indirecto"", ""Material"": ""Acero""}"
"AC000045","Calentador de Agua Eléctrico Instantáneo 9kW","Calentador eléctrico instantáneo sin depósito.",250.00,"{""PotenciaSalida_kW"": 9, ""Tipo"": ""Calentador Eléctrico Instantáneo"", ""Caudal_LPM"": 5}"
"AC000046","Termo Bomba de Calor ACS 250L","Bomba de calor aerotérmica para agua caliente.",1200.00,"{""Capacidad_L"": 250, ""Tipo"": ""Termo Bomba de Calor"", ""COP"": 3.0}"
"AC000047","Radiador Zócalo 1m","Calefacción hidrónica integrada en el zócalo.",90.00,"{""Longitud_m"": 1, ""Tipo"": ""Radiador Zócalo"", ""PotenciaCalor_W/m"": 300}"
"AC000048","Acumulador Hidrónico 500L","Depósito para almacenar calor en sistemas hidrónicos.",600.00,"{""Capacidad_L"": 500, ""Aplicación"": ""Acumulador Hidrónico""}"
"AC000049","Bomba de Calor Baja Temperatura 8kW","Bomba de calor optimizada para sistemas de baja temperatura.",3800.00,"{""PotenciaSalida_kW"": 8, ""SCOP"": 5.0, ""RangoTemp"": ""Baja Temp""}"
"AC000050","Colector Solar Térmico (Placa Plana)","Colector de placa plana para agua caliente solar.",450.00,"{""Tipo"": ""Placa Plana"", ""Área_sqm"": 2.5, ""Aplicación"": ""Solar Térmica ACS""}"
"AC000051","Panel Solar Monocristalino 400W","Panel solar de alta eficiencia.",180.00,"{""Tipo"": ""Monocristalino"", ""Potencia_W"": 400, ""Eficiencia"": 22.0, ""Dimensiones_mm"": ""1755x1038x35""}"
"AC000052","Panel Solar Policristalino 350W","Panel solar estándar.",150.00,"{""Tipo"": ""Policristalino"", ""Potencia_W"": 350, ""Eficiencia"": 19.5, ""Dimensiones_mm"": ""1956x992x40""}"
"AC000053","Panel Solar Flexible 100W","Panel ligero y flexible.",120.00,"{""Tipo"": ""Flexible"", ""Potencia_W"": 100, ""Eficiencia"": 18.0, ""Peso_kg"": 2.0}"
"AC000054","Inversor Solar 5kW (Monofásico)","Inversor para sistemas solares residenciales.",800.00,"{""Potencia_kW"": 5, ""Fase"": ""Monofásico"", ""Eficiencia"": 98.0, ""Tipo"": ""Inversor String""}"
"AC000055","Inversor Solar 10kW (Trifásico)","Inversor para sistemas solares comerciales.",1500.00,"{""Potencia_kW"": 10, ""Fase"": ""Trifásico"", ""Eficiencia"": 98.5, ""Tipo"": ""Inversor String""}"
"AC000056","Inversor Solar Híbrido 6kW","Inversor con capacidad de almacenamiento en batería.",1200.00,"{""Potencia_kW"": 6, ""Tipo"": ""Híbrido"", ""CompatibilidadBatería"": ""Sí""}"
"AC000057","Batería Solar 10kWh","Batería de iones de litio para almacenamiento de energía.",4500.00,"{""Capacidad_kWh"": 10, ""Tipo"": ""Litio-ion"", ""Voltaje"": ""48V""}"
"AC000058","Regulador de Carga Solar 60A (MPPT)","Regulador para sistemas solares aislados.",200.00,"{""Corriente_A"": 60, ""Tipo"": ""MPPT"", ""Voltaje"": ""12V/24V/48V""}"
"AC000059","Kit de Montaje Solar (Tejado Inclinado)","Kit para instalar paneles en tejado de teja.",50.00,"{""Tipo"": ""Kit Montaje"", ""TipoTejado"": ""Inclinado Teja"", ""Capacidad_Paneles"": 4}"
"AC000060","Kit de Montaje Solar (Tejado Plano)","Kit para instalar paneles en tejado plano.",60.00,"{""Tipo"": ""Kit Montaje"", ""TipoTejado"": ""Plano"", ""Capacidad_Paneles"": 4}"
"AC000061","Cable Solar 4mm² (Rojo, 100m)","Cable solar resistente a UV.",80.00,"{""Tamaño_mm2"": 4, ""Color"": ""Rojo"", ""Longitud_m"": 100, ""VoltajeNominal_V"": 1000}"
"AC000062","Cable Solar 4mm² (Negro, 100m)","Cable solar resistente a UV.",80.00,"{""Tamaño_mm2"": 4, ""Color"": ""Negro"", ""Longitud_m"": 100, ""VoltajeNominal_V"": 1000}"
"AC000063","Par de Conectores MC4","Conectores estándar para paneles solares.",5.00,"{""Tipo"": ""MC4"", ""Aplicación"": ""Conexiones Solares""}"
"AC000064","Optimizador Solar Edge P405","Optimizador de potencia a nivel de módulo.",60.00,"{""Marca"": ""Solar Edge"", ""Tipo"": ""Optimizador"", ""Compatibilidad"": ""Serie P""}"
"AC000065","Teja Solar 50W","Panel solar integrado en teja.",30.00,"{""Tipo"": ""Teja Solar"", ""Potencia_W"": 50, ""Color"": ""Negro""}"
"AC000066","Sistema de Montaje en Suelo Solar (10 Paneles)","Estructura para montar paneles en el suelo.",400.00,"{""Tipo"": ""Montaje Suelo"", ""Capacidad_Paneles"": 10}"
"AC000067","Interruptor Seccionador CC Solar 32A","Interruptor de seguridad para circuitos solares de CC.",35.00,"{""Tipo"": ""Interruptor Seccionador CC"", ""Corriente_A"": 32, ""Polos"": 4}"
"AC000068","Interruptor Seccionador CA Solar 40A","Interruptor de seguridad para circuitos solares de CA.",25.00,"{""Tipo"": ""Interruptor Seccionador CA"", ""Corriente_A"": 40, ""Polos"": 2}"
"AC000069","Malla Protección Aves (30m)","Malla para evitar que las aves aniden bajo los paneles.",40.00,"{""Tipo"": ""Accesorio"", ""Aplicación"": ""Protección Aves"", ""Longitud_m"": 30}"
"AC000070","Pasarela Monitorización Solar","Dispositivo para monitorizar el rendimiento del sistema solar.",150.00,"{""Tipo"": ""Monitorización"", ""Conectividad"": ""Ethernet/Wifi""}"
"AC000071","Termostato Inteligente (Programable)","Termostato con Wi-Fi para control HVAC.",180.00,"{""Tipo"": ""Termostato"", ""Conectividad"": ""Wi-Fi"", ""Características"": [""Programable"", ""Acceso Remoto"", ""Aprendizaje""]}"
"AC000072","Termostato Digital (No Programable)","Termostato digital simple.",40.00,"{""Tipo"": ""Termostato"", ""Conectividad"": ""Cableado"", ""Características"": [""Pantalla Digital""]}"
"AC000073","Detector de CO (Cableado)","Sensor de monóxido de carbono.",60.00,"{""Tipo"": ""Sensor"", ""GasDetectado"": ""CO"", ""Alimentación"": ""Cableado"", ""NivelAlarma_ppm"": 50}"
"AC000074","Detector de Humo (Inalámbrico)","Sensor de humo alimentado por batería.",35.00,"{""Tipo"": ""Sensor"", ""GasDetectado"": ""Humo"", ""Alimentación"": ""Batería"", ""Conectividad"": ""Inalámbrico""}"
"AC000075","Sensor de Movimiento (PIR)","Detector de movimiento por infrarrojos pasivo.",25.00,"{""Tipo"": ""Sensor"", ""MétodoDetección"": ""PIR"", ""Alcance_m"": 10, ""Aplicación"": ""Seguridad/Automatización""}"
"AC000076","Sensor Puerta/Ventana (Inalámbrico)","Sensor de contacto magnético.",20.00,"{""Tipo"": ""Sensor"", ""MétodoDetección"": ""Contacto Magnético"", ""Conectividad"": ""Inalámbrico""}"
"AC000077","Sensor de Fugas de Agua","Sensor para detectar presencia de agua.",45.00,"{""Tipo"": ""Sensor"", ""MétodoDetección"": ""Conductividad"", ""TipoAlarma"": ""Acústica/Inalámbrica""}"
"AC000078","Sensor de Temperatura y Humedad","Mide la temperatura y humedad ambiente.",30.00,"{""Tipo"": ""Sensor"", ""Parámetros"": [""Temperatura"", ""Humedad""], ""Precisión_Temp"": ""±0.5°C""}"
"AC000079","Sensor de Caudal (Agua) 1/2 pulgada","Mide el caudal de agua.",50.00,"{""Tipo"": ""Sensor"", ""Medio"": ""Agua"", ""Tamaño"": ""1/2 pulgada"", ""Medición"": ""Caudal""}"
"AC000080","Sensor de Presión 0-10 bar","Mide la presión en sistemas de fluidos.",75.00,"{""Tipo"": ""Sensor"", ""Parámetro"": ""Presión"", ""Rango_bar"": ""0-10"", ""Salida"": ""4-20mA""}"
"AC000081","Sensor de Nivel (Ultrasónico)","Mide el nivel de líquido en un depósito.",150.00,"{""Tipo"": ""Sensor Nivel"", ""Método"": ""Ultrasónico"", ""Alcance_m"": 5, ""Aplicación"": ""Nivel Depósito""}"
"AC000082","Sensor de Luz (Luxómetro)","Mide la intensidad de la luz ambiental.",40.00,"{""Tipo"": ""Sensor"", ""Parámetro"": ""Intensidad Lumínica"", ""Unidad"": ""Lux""}"
"AC000083","Pasarela Modbus","Convertidor de protocolo para automatización de edificios.",300.00,"{""Tipo"": ""Pasarela"", ""Protocolos"": [""Modbus RTU"", ""Modbus TCP""], ""Conectividad"": ""RS485/Ethernet""}"
"AC000084","Fuente de Alimentación KNX 640mA","Fuente de alimentación para sistemas KNX.",120.00,"{""Tipo"": ""Fuente Alimentación"", ""Sistema"": ""KNX"", ""Corriente_mA"": 640}"
"AC000085","Pasarela DALI (64 Dispositivos)","Interfaz para control de iluminación DALI.",250.00,"{""Tipo"": ""Pasarela"", ""Protocolo"": ""DALI"", ""Capacidad_Dispositivos"": 64}"
"AC000086","Router BACnet","Enruta mensajes entre redes BACnet.",800.00,"{""Tipo"": ""Router"", ""Protocolo"": ""BACnet"", ""Interfaces"": [""IP"", ""MSTP""]}"
"AC000087","Actuador (Válvula) 2 Vías (DN20)","Actuador eléctrico para controlar una válvula de 2 vías.",90.00,"{""Tipo"": ""Actuador"", ""TipoVálvula"": ""2 Vías"", ""Tamaño"": ""DN20"", ""SeñalControl"": ""0-10V""}"
"AC000088","Actuador (Compuerta)","Actuador eléctrico para controlar compuertas de aire.",70.00,"{""Tipo"": ""Actuador"", ""Aplicación"": ""Compuerta Aire"", ""Par_Nm"": 5}"
"AC000089","Controlador de Habitación (Fan Coil)","Controlador para unidades fan coil.",110.00,"{""Tipo"": ""Controlador"", ""Aplicación"": ""Fan Coil"", ""SalidasControl"": [""Velocidad Ventilador"", ""Válvula""]}"
"AC000090","Medidor de Energía (Monofásico)","Mide el consumo de energía.",80.00,"{""Tipo"": ""Medidor Energía"", ""Fase"": ""Monofásico"", ""Medición"": ""Energía (kWh)"", ""Salida"": ""Pulso/Modbus""}"
"AC000091","Medidor de Energía (Trifásico)","Mide el consumo de energía en sistemas trifásicos.",150.00,"{""Tipo"": ""Medidor Energía"", ""Fase"": ""Trifásico"", ""Medición"": ""Energía (kWh)"", ""Salida"": ""Pulso/Modbus""}"
"AC000092","Registrador de Datos (Temperatura)","Registra datos de temperatura a lo largo del tiempo.",100.00,"{""Tipo"": ""Registrador Datos"", ""Parámetro"": ""Temperatura"", ""Almacenamiento"": ""Interno"", ""Conectividad"": ""USB""}"
"AC000093","Sensor de Presión Diferencial","Mide la diferencia de presión.",120.00,"{""Tipo"": ""Sensor"", ""Parámetro"": ""Presión Diferencial"", ""Rango_Pa"": ""0-1000""}"
"AC000094","Interruptor de Caudal (Aire)","Detecta la presencia de flujo de aire.",60.00,"{""Tipo"": ""Sensor"", ""Medio"": ""Aire"", ""Función"": ""Detección Caudal""}"
"AC000095","Termostato de Protección Antihielo","Activa la calefacción si la temperatura baja del ajuste.",30.00,"{""Tipo"": ""Termostato"", ""Aplicación"": ""Protección Antihielo"", ""PuntoAjuste"": ""5°C""}"
"AC000096","Sensor de Temperatura Exterior","Sensor para medir la temperatura externa.",40.00,"{""Tipo"": ""Sensor"", ""Aplicación"": ""Exterior"", ""Salida"": ""PT1000""}"
"AC000097","Sensor de Humedad (Montaje en Conducto)","Mide la humedad en conductos de aire.",80.00,"{""Tipo"": ""Sensor"", ""Montaje"": ""Conducto"", ""Parámetro"": ""Humedad""}"
"AC000098","Detector de Presencia (Montaje en Techo)","Detecta ocupación vía PIR/Ultrasónico.",70.00,"{""Tipo"": ""Detector Presencia"", ""MétodoDetección"": [""PIR"", ""Ultrasónico""], ""Montaje"": ""Techo""}"
"AC000099","Actuador de Válvula (On/Off, DN15)","Actuador simple On/Off para válvulas pequeñas.",55.00,"{""Tipo"": ""Actuador"", ""TipoVálvula"": ""2/3 Vías"", ""Tamaño"": ""DN15"", ""SeñalControl"": ""On/Off""}"
"AC000100","Unidad de Control Central (BMS)","Controlador principal para sistema de gestión de edificios.",5000.00,"{""Tipo"": ""Controlador BMS"", ""Protocolos"": [""BACnet"", ""Modbus"", ""KNX""], ""Capacidad_Puntos"": 500}"
"AC000101","Calentador de Agua Eléctrico 50L","Termo eléctrico pequeño de acumulación.",150.00,"{""Capacidad_L"": 50, ""TipoCombustible"": ""Eléctrico"", ""Montaje"": ""Pared""}"
"AC000102","Calentador de Agua Eléctrico 100L","Termo eléctrico mediano de acumulación.",220.00,"{""Capacidad_L"": 100, ""TipoCombustible"": ""Eléctrico"", ""Montaje"": ""Suelo""}"
"AC000103","Calentador de Agua a Gas (Instantáneo) 12L/min","Calentador de agua a gas instantáneo.",400.00,"{""Caudal_LPM"": 12, ""TipoCombustible"": ""Gas Natural"", ""Tipo"": ""Instantáneo""}"
"AC000104","Calentador de Agua a Gas (Instantáneo) 18L/min","Calentador de agua a gas instantáneo de mayor capacidad.",550.00,"{""Caudal_LPM"": 18, ""TipoCombustible"": ""Gas Natural"", ""Tipo"": ""Instantáneo""}"
"AC000105","Bomba Circuladora (Sistema Calefacción)","Bomba para circular agua en circuitos de calefacción.",120.00,"{""Aplicación"": ""Calefacción"", ""Caudal_m3/h"": 3, ""AlturaManométrica_m"": 6}"
"AC000106","Bomba Circuladora (ACS)","Bomba para circulación de agua caliente sanitaria.",90.00,"{""Aplicación"": ""Circulación ACS"", ""Caudal_LPM"": 10}"
"AC000107","Bomba Sumergible 1.5kW","Bomba para pozos o sumideros.",300.00,"{""Tipo"": ""Sumergible"", ""Potencia_kW"": 1.5, ""AlturaMáxima_m"": 50}"
"AC000108","Bomba Presurizadora","Aumenta la presión del agua en un sistema.",250.00,"{""Aplicación"": ""Aumento Presión"", ""Caudal_m3/h"": 2, ""Incremento_bar"": 2}"
"AC000109","Vaso de Expansión 18L (Calefacción)","Depósito para absorber cambios de presión en sistemas de calefacción.",50.00,"{""Volumen_L"": 18, ""Aplicación"": ""Calefacción""}"
"AC000110","Vaso de Expansión 24L (Agua Potable)","Depósito para sistemas de agua potable.",60.00,"{""Volumen_L"": 24, ""Aplicación"": ""Agua Potable""}"
"AC000111","Válvula Reductora de Presión 1 pulgada","Reduce la presión de entrada de agua.",45.00,"{""Tipo"": ""Válvula"", ""Función"": ""Reducción Presión"", ""Tamaño"": ""1 pulgada"", ""PuntoAjuste_bar"": 3}"
"AC000112","Válvula de Seguridad/Alivio 3 bar","Válvula de alivio para sistemas de calefacción.",30.00,"{""Tipo"": ""Válvula"", ""Función"": ""Seguridad/Alivio"", ""PuntoAjuste_bar"": 3}"
"AC000113","Válvula Mezcladora Termostática 3 Vías","Mezcla agua fría y caliente a una temperatura ajustada.",85.00,"{""Tipo"": ""Válvula"", ""Función"": ""Mezcla Termostática"", ""Tamaño"": ""3/4 pulgada""}"
"AC000114","Válvula Bola 1/2 pulgada","Válvula simple de encendido/apagado.",10.00,"{""Tipo"": ""Válvula"", ""Función"": ""On/Off"", ""Tamaño"": ""1/2 pulgada"", ""Material"": ""Latón""}"
"AC000115","Válvula de Compuerta 1 pulgada","Válvula de aislamiento.",15.00,"{""Tipo"": ""Válvula"", ""Función"": ""Aislamiento"", ""Tamaño"": ""1 pulgada"", ""Material"": ""Latón""}"
"AC000116","Válvula Antirretorno 3/4 pulgada","Permite el flujo en una sola dirección.",20.00,"{""Tipo"": ""Válvula"", ""Función"": ""Antirretorno"", ""Tamaño"": ""3/4 pulgada""}"
"AC000117","Separador de Suciedad 1 pulgada","Elimina suciedad y residuos de sistemas de calefacción.",70.00,"{""Tipo"": ""Accesorio"", ""Función"": ""Separación Suciedad"", ""Tamaño"": ""1 pulgada""}"
"AC000118","Separador de Aire 3/4 pulgada","Elimina aire de sistemas de calefacción.",65.00,"{""Tipo"": ""Accesorio"", ""Función"": ""Separación Aire"", ""Tamaño"": ""3/4 pulgada""}"
"AC000119","Filtro Magnético 22mm","Filtro magnético para sistemas de calefacción central.",100.00,"{""Tipo"": ""Accesorio"", ""Función"": ""Filtración Magnética"", ""TamañoTubería_mm"": 22}"
"AC000120","Acumulador 1000L (Aislado)","Gran depósito para almacenar agua o fluido caloportador.",900.00,"{""Capacidad_L"": 1000, ""Aplicación"": ""Almacenamiento"", ""Aislado"": true}"
"AC000121","Ventilador con Recuperación de Calor (VRC) 300m³/h","Recupera calor del aire de extracción.",800.00,"{""Tipo"": ""VRC"", ""FlujoAire_m3/h"": 300, ""Eficiencia"": 85.0, ""Aplicación"": ""Ventilación""}"
"AC000122","Ventilador con Recuperación de Energía (VREC) 250m³/h","Recupera calor y humedad.",950.00,"{""Tipo"": ""VREC"", ""FlujoAire_m3/h"": 250, ""EficienciaCalor"": 80.0, ""EficienciaHumedad"": 70.0}"
"AC000123","Ventilador Axial 200mm","Ventilador básico para movimiento de aire.",50.00,"{""Tipo"": ""Ventilador"", ""Diseño"": ""Axial"", ""Diámetro_mm"": 200, ""FlujoAire_m3/h"": 500}"
"AC000124","Ventilador Centrífugo (En Línea) 150mm","Ventilador para conductos.",120.00,"{""Tipo"": ""Ventilador"", ""Diseño"": ""Centrífugo"", ""Tamaño_mm"": 150, ""FlujoAire_m3/h"": 400}"
"AC000125","Conductos (Flexible Aislado) 150mm (10m)","Conducto flexible aislado.",30.00,"{""Tipo"": ""Conductos"", ""Material"": ""Flexible Aislado"", ""Diámetro_mm"": 150, ""Longitud_m"": 10}"
"AC000126","Conductos (Rígido Espiral) 200mm (3m)","Conducto rígido de acero galvanizado.",40.00,"{""Tipo"": ""Conductos"", ""Material"": ""Rígido Espiral"", ""Diámetro_mm"": 200, ""Longitud_m"": 3}"
"AC000127","Caja Filtro Aire (Montaje Conducto) 400x200","Caja para montar filtros de aire en conductos.",60.00,"{""Tipo"": ""Accesorio"", ""Aplicación"": ""Filtración Conducto"", ""TamañoFiltro_mm"": ""400x200""}"
"AC000128","Silenciador (Montaje Conducto) 150mm","Reduce el ruido en la red de conductos.",70.00,"{""Tipo"": ""Accesorio"", ""Función"": ""Reducción Ruido"", ""Tamaño_mm"": 150}"
"AC000129","Compuerta Antirretorno 200mm","Evita el flujo de aire inverso.",25.00,"{""Tipo"": ""Compuerta"", ""Función"": ""Prevención Tiro Inverso"", ""Tamaño_mm"": 200}"
"AC000130","Rejilla de Aire (Impulsión) 300x300","Rejilla de impulsión de aire para paredes/techos.",15.00,"{""Tipo"": ""Rejilla Aire"", ""Aplicación"": ""Impulsión Aire"", ""Tamaño_mm"": ""300x300""}"
"AC000131","Rejilla de Aire (Extracción) 250x250","Rejilla de extracción de aire.",12.00,"{""Tipo"": ""Rejilla Aire"", ""Aplicación"": ""Extracción Aire"", ""Tamaño_mm"": ""250x250""}"
"AC000132","Sensor de CO2 (Habitación)","Mide los niveles de Dióxido de Carbono.",100.00,"{""Tipo"": ""Sensor CO2"", ""Parámetro"": ""CO2"", ""Rango_ppm"": ""0-2000"", ""Salida"": ""0-10V""}"
"AC000133","Purificador de Aire (HEPA + Carbón)","Elimina partículas y olores del aire.",150.00,"{""Tipo"": ""Purificador Aire"", ""Filtración"": [""HEPA"", ""Carbón Activado""], ""Cobertura_sqft"": 300}"
"AC000134","Deshumidificador 20L/día","Reduce la humedad en el aire interior.",200.00,"{""Tipo"": ""Deshumidificador"", ""Capacidad_L/día"": 20, ""TamañoDepósito_L"": 4}"
"AC000135","Humidificador (Evaporativo)","Añade humedad al aire interior.",80.00,"{""Tipo"": ""Humidificador"", ""Método"": ""Evaporativo"", ""Cobertura_sqft"": 500}"
"AC000136","Filtro Control Olores (Carbón Activado)","Filtro para eliminar olores.",40.00,"{""Tipo"": ""Filtro"", ""Material"": ""Carbón Activado"", ""Aplicación"": ""Control Olores""}"
"AC000137","Esterilizador Aire UV-C (Montaje Conducto)","Utiliza luz UV-C para matar patógenos en el aire.",180.00,"{""Tipo"": ""Esterilizador Aire"", ""Método"": ""UV-C"", ""Montaje"": ""Conducto""}"
"AC000138","Ventilador para Campana de Cocina (Extractor)","Ventilador para campana extractora de cocina.",90.00,"{""Tipo"": ""Ventilador"", ""Aplicación"": ""Campana Cocina"", ""FlujoAire_m3/h"": 600}"
"AC000139","Extractor de Baño 100mm","Ventilador para ventilación de baño.",40.00,"{""Tipo"": ""Ventilador"", ""Aplicación"": ""Extracción Baño"", ""Tamaño_mm"": 100, ""FlujoAire_m3/h"": 100}"
"AC000140","Filtro en Línea (Filtro de Bolsas) F7","Filtro de bolsas de eficiencia media para sistemas de ventilación.",75.00,"{""Tipo"": ""Filtro"", ""Clasificación"": ""F7"", ""Aplicación"": ""Ventilación""}"
"AC000141","Tubería de Cobre 15mm (5m)","Tubería de cobre estándar para fontanería/calefacción.",25.00,"{""Material"": ""Cobre"", ""Diámetro_mm"": 15, ""Longitud_m"": 5}"
"AC000142","Tubería PEX 20mm (50m)","Tubería PEX flexible.",70.00,"{""Material"": ""PEX"", ""Diámetro_mm"": 20, ""Longitud_m"": 50}"
"AC000143","Codo de Compresión 15mm","Racor de latón para cambiar la dirección de la tubería.",5.00,"{""Tipo"": ""Racor"", ""Conexión"": ""Compresión"", ""Tamaño_mm"": 15, ""Ángulo_grados"": 90}"
"AC000144","Te Roscada 1 pulgada (Hembra)","Racor de latón tipo Te.",8.00,"{""Tipo"": ""Racor"", ""Conexión"": ""Roscada Hembra"", ""Tamaño"": ""1 pulgada"", ""Configuración"": ""Te""}"
"AC000145","Aislamiento Tubería (Espuma) 22mm (2m)","Aislamiento de espuma para tuberías.",3.00,"{""Tipo"": ""Aislamiento"", ""Material"": ""Espuma"", ""DiámetroTubería_mm"": 22, ""Longitud_m"": 2}"
"AC000146","Abrazadera Tubería 15mm (Bolsa de 20)","Abrazaderas para fijar tuberías.",10.00,"{""Tipo"": ""Accesorio"", ""Aplicación"": ""Soporte Tubería"", ""Tamaño_mm"": 15, ""Cantidad"": 20}"
"AC000147","Válvula Radiador (Manual, Angular) 1/2 pulgada","Válvula manual para controlar el flujo del radiador.",15.00,"{""Tipo"": ""Válvula Radiador"", ""Aplicación"": ""Radiador"", ""Control"": ""Manual"", ""Estilo"": ""Angular"", ""Tamaño"": ""1/2 pulgada""}"
"AC000148","Válvula Radiador (Termostática, Recta) 1/2 pulgada","Válvula termostática para control de temperatura del radiador.",25.00,"{""Tipo"": ""Válvula Radiador"", ""Aplicación"": ""Radiador"", ""Control"": ""Termostático"", ""Estilo"": ""Recto"", ""Tamaño"": ""1/2 pulgada""}"
"AC000149","Latiguillo Flexible 1/2 pulgada x 300mm","Conector flexible para fontanería.",6.00,"{""Tipo"": ""Conector"", ""Tamaño"": ""1/2 pulgada"", ""Longitud_mm"": 300}"
"AC000150","Filtro Agua (Sedimentos) 10 pulgadas","Cartucho de filtro para eliminación de sedimentos.",12.00,"{""Tipo"": ""Filtro"", ""Función"": ""Eliminación Sedimentos"", ""Tamaño_pulgadas"": 10, ""ClasificacionMicras"": 5}"